id,nameOfClient,transactionDate,amount,description
1,John Doe,2024-08-22,150.75,Consulting fee
2,Jane Smith,2024-08-21,320.0,Website design
3,Acme Corp,2024-08-20,560.5,Software licensing
4,Globex Inc.,2024-08-19,780.9,IT support
5,Initech,2024-08-18,1100.0,Cloud services
6,Client 6,2024-02-08,168.5,Website design
7,Client 7,2024-02-29,4381.81,Cloud services
8,Client 8,2024-06-06,1968.65,E-commerce setup
9,Client 9,2024-06-16,2034.51,Payment processing
10,Client 10,2024-01-26,2031.28,User onboarding
11,Client 11,2024-02-17,1254.69,E-commerce setup
12,Client 12,2024-08-25,4500.78,Software upgrade
13,Client 13,2024-05-06,2591.49,Cloud services
14,Client 14,2024-02-22,796.01,Network setup
15,Client 15,2024-07-23,4111.8,Technical documentation
16,Client 16,2024-04-24,3407.68,Data analysis
17,Client 17,2024-06-02,2988.09,Security audit
18,Client 18,2024-05-08,2103.49,Network setup
19,Client 19,2024-08-09,4621.43,Consulting fee
20,Client 20,2024-06-05,582.25,API integration
21,Client 21,2024-08-22,3914.91,Subscription fee
22,Client 22,2024-04-24,2265.57,Mobile app design
23,Client 23,2024-04-01,3508.79,Technical documentation
24,Client 24,2024-06-02,3490.01,System integration
25,Client 25,2024-05-24,951.07,Mobile app design
26,Client 26,2024-03-30,2331.14,Cloud services
27,Client 27,2024-04-04,2520.72,Subscription fee
28,Client 28,2024-04-25,490.45,Technical documentation
29,Client 29,2024-03-29,4822.41,Data analysis
30,Client 30,2024-07-30,1498.65,API integration
31,Client 31,2024-04-06,2649.61,Software upgrade
32,Client 32,2024-05-26,1101.29,SEO optimization
33,Client 33,2024-02-05,1271.38,Consulting fee
34,Client 34,2024-05-26,3402.81,Database maintenance
35,Client 35,2024-01-12,2342.97,App development
36,Client 36,2024-04-05,116.61,Data analysis
37,Client 37,2024-08-02,1495.75,Subscription fee
38,Client 38,2024-02-27,2185.72,IT support
39,Client 39,2024-06-16,1961.7,Consulting fee
40,Client 40,2024-02-07,3163.5,Training session
41,Client 41,2024-02-21,1798.55,System integration
42,Client 42,2024-01-10,4377.42,Software upgrade
43,Client 43,2024-03-29,4655.32,SEO optimization
44,Client 44,2024-08-08,1774.65,API integration
45,Client 45,2024-01-26,1916.07,Data analysis
46,Client 46,2024-03-19,4945.49,Subscription fee
47,Client 47,2024-08-23,4153.94,Mobile app design
48,Client 48,2024-06-11,1907.37,Customer support
49,Client 49,2024-05-11,4104.5,Mobile app design
50,Client 50,2024-08-23,1842.8,Data analysis
51,Client 51,2024-06-13,2850.0,Data analysis
52,Client 52,2024-05-26,1982.16,Software upgrade
53,Client 53,2024-05-29,3333.25,Mobile app design
54,Client 54,2024-01-24,2650.02,Customer support
55,Client 55,2024-03-01,551.47,Infrastructure setup
56,Client 56,2024-06-15,2725.88,Network setup
57,Client 57,2024-02-10,2954.42,Customer support
58,Client 58,2024-02-13,1314.67,Cloud services
59,Client 59,2024-01-23,2397.46,Technical documentation
60,Client 60,2024-01-04,4709.44,Mobile app design
61,Client 61,2024-03-18,2478.74,Database maintenance
62,Client 62,2024-03-06,3416.87,Cloud services
63,Client 63,2024-05-13,119.84,Database maintenance
64,Client 64,2024-04-02,1754.66,System integration
65,Client 65,2024-07-07,4763.19,Payment processing
66,Client 66,2024-06-06,1114.12,Website design
67,Client 67,2024-01-30,1339.52,API integration
68,Client 68,2024-07-28,2293.39,Hardware procurement
69,Client 69,2024-04-19,554.84,Mobile app design
70,Client 70,2024-03-26,999.86,Digital marketing
71,Client 71,2024-03-17,2079.53,Training session
72,Client 72,2024-05-14,2522.8,Training session
73,Client 73,2024-04-01,1371.37,Subscription fee
74,Client 74,2024-03-07,3296.84,Hardware procurement
75,Client 75,2024-04-22,4841.13,Training session
76,Client 76,2024-04-23,2834.94,Digital marketing
77,Client 77,2024-01-15,3211.33,System integration
78,Client 78,2024-04-15,2412.56,Software upgrade
79,Client 79,2024-07-27,3145.94,Database maintenance
80,Client 80,2024-01-04,3021.78,Database maintenance
81,Client 81,2024-01-27,473.14,Digital marketing
82,Client 82,2024-04-12,3983.35,Consulting fee
83,Client 83,2024-03-17,444.01,SEO optimization
84,Client 84,2024-07-23,1246.54,Training session
85,Client 85,2024-02-29,3119.49,Subscription fee
86,Client 86,2024-03-14,1621.56,E-commerce setup
87,Client 87,2024-08-05,3131.62,Digital marketing
88,Client 88,2024-06-01,2620.28,SEO optimization
89,Client 89,2024-05-10,3802.81,Digital marketing
90,Client 90,2024-06-26,1530.51,Mobile app design
91,Client 91,2024-06-19,3093.33,Network setup
92,Client 92,2024-03-17,3717.44,Security audit
93,Client 93,2024-08-19,112.62,Security audit
94,Client 94,2024-06-19,1967.43,API integration
95,Client 95,2024-08-25,3684.68,Technical documentation
96,Client 96,2024-06-02,920.74,IT support
97,Client 97,2024-01-23,3616.34,App development
98,Client 98,2024-06-08,1869.77,Mobile app design
99,Client 99,2024-04-17,1235.06,Software licensing
100,Client 100,2024-06-10,160.51,Hardware procurement
101,Client 101,2024-05-03,2522.82,System integration
102,Client 102,2024-06-17,768.17,System integration
103,Client 103,2024-05-24,1611.58,Network setup
104,Client 104,2024-04-14,3650.73,Network setup
105,Client 105,2024-05-04,2290.33,E-commerce setup
106,Client 106,2024-07-30,486.62,System integration
107,Client 107,2024-08-22,2116.73,SEO optimization
108,Client 108,2024-05-12,1385.93,Digital marketing
109,Client 109,2024-03-24,2646.51,Network setup
110,Client 110,2024-04-02,1229.33,Software upgrade
111,Client 111,2024-08-19,3655.41,Software licensing
112,Client 112,2024-06-23,2930.38,Payment processing
113,Client 113,2024-02-24,902.84,Cloud services
114,Client 114,2024-07-24,1225.83,Software licensing
115,Client 115,2024-03-16,303.62,Database maintenance
116,Client 116,2024-01-01,3026.31,Technical documentation
117,Client 117,2024-08-24,3993.34,Business analysis
118,Client 118,2024-01-10,3709.5,Technical training
119,Client 119,2024-03-02,170.85,System integration
120,Client 120,2024-06-15,2764.78,Project management
121,Client 121,2024-04-23,2000.32,System integration
122,Client 122,2024-01-31,258.08,Technical documentation
123,Client 123,2024-07-20,3538.01,Hardware procurement
124,Client 124,2024-01-12,2798.08,Consulting fee
125,Client 125,2024-06-22,1812.22,System integration
126,Client 126,2024-03-16,2114.05,Consulting fee
127,Client 127,2024-04-12,1117.42,Software licensing
128,Client 128,2024-02-19,1932.89,Data analysis
129,Client 129,2024-07-17,622.27,Cloud services
130,Client 130,2024-07-22,2013.97,Technical training
131,Client 131,2024-01-05,4903.16,Training session
132,Client 132,2024-07-31,600.36,Consulting fee
133,Client 133,2024-05-18,2806.08,E-commerce setup
134,Client 134,2024-03-02,3778.9,Security audit
135,Client 135,2024-01-20,3226.54,IT support
136,Client 136,2024-03-05,214.73,Subscription fee
137,Client 137,2024-03-19,4559.78,Hardware procurement
138,Client 138,2024-06-28,1764.2,Software licensing
139,Client 139,2024-07-22,1929.15,SEO optimization
140,Client 140,2024-01-21,4030.95,User onboarding
141,Client 141,2024-04-28,3288.75,UX/UI design
142,Client 142,2024-02-27,1632.75,Website design
143,Client 143,2024-03-24,1065.68,Payment processing
144,Client 144,2024-02-24,2004.95,Digital marketing
145,Client 145,2024-08-22,1599.15,Mobile app design
146,Client 146,2024-06-10,2401.01,Hardware procurement
147,Client 147,2024-05-22,1191.65,Training session
148,Client 148,2024-03-20,2828.7,Consulting fee
149,Client 149,2024-01-23,324.88,Mobile app design
150,Client 150,2024-02-06,4557.69,Product management
151,Client 151,2024-05-29,2306.27,Subscription fee
152,Client 152,2024-05-24,2449.84,UX/UI design
153,Client 153,2024-03-26,2531.07,Technical training
154,Client 154,2024-04-18,105.77,Infrastructure setup
155,Client 155,2024-03-26,3387.23,Database maintenance
156,Client 156,2024-08-21,2513.13,System integration
157,Client 157,2024-07-04,2089.61,Technical documentation
158,Client 158,2024-08-06,580.26,Security audit
159,Client 159,2024-01-13,4823.14,Database maintenance
160,Client 160,2024-02-03,3580.83,Product management
161,Client 161,2024-05-25,3154.06,Customer support
162,Client 162,2024-01-06,3923.12,Business analysis
163,Client 163,2024-06-08,3415.78,Technical training
164,Client 164,2024-06-27,4670.39,Technical documentation
165,Client 165,2024-07-29,3702.33,Technical training
166,Client 166,2024-07-20,3985.67,SEO optimization
167,Client 167,2024-01-30,1052.83,Consulting fee
168,Client 168,2024-07-29,3174.61,Training session
169,Client 169,2024-01-29,904.21,API integration
170,Client 170,2024-07-02,602.77,SEO optimization
171,Client 171,2024-06-25,3361.0,Infrastructure setup
172,Client 172,2024-01-23,4811.16,Website design
173,Client 173,2024-02-07,210.76,Product management
174,Client 174,2024-06-04,2268.51,Website design
175,Client 175,2024-03-08,2759.49,Technical training
176,Client 176,2024-07-22,1300.99,Consulting fee
177,Client 177,2024-01-14,628.56,System integration
178,Client 178,2024-03-05,3696.15,Security audit
179,Client 179,2024-05-04,118.84,Payment processing
180,Client 180,2024-05-31,3521.1,Cloud services
181,Client 181,2024-03-28,1541.19,Infrastructure setup
182,Client 182,2024-05-08,1950.82,Consulting fee
183,Client 183,2024-07-12,2039.14,App development
184,Client 184,2024-05-23,4841.29,Database maintenance
185,Client 185,2024-08-04,1685.38,Business analysis
186,Client 186,2024-01-22,4781.65,SEO optimization
187,Client 187,2024-08-07,3995.49,Mobile app design
188,Client 188,2024-02-08,1692.87,Software upgrade
189,Client 189,2024-05-14,1248.88,Data analysis
190,Client 190,2024-04-24,949.67,SEO optimization
191,Client 191,2024-07-06,3738.17,Infrastructure setup
192,Client 192,2024-02-04,2528.06,System integration
193,Client 193,2024-07-11,3823.89,Customer support
194,Client 194,2024-01-26,2354.7,E-commerce setup
195,Client 195,2024-02-18,145.6,Project management
196,Client 196,2024-07-28,1828.44,Infrastructure setup
197,Client 197,2024-07-14,604.32,Mobile app design
198,Client 198,2024-07-03,3562.39,Security audit
199,Client 199,2024-02-08,3056.21,Security audit
200,Client 200,2024-03-19,3896.48,Project management
201,Client 201,2024-05-29,1886.14,Website design
202,Client 202,2024-03-07,1082.02,Mobile app design
203,Client 203,2024-07-22,1318.86,UX/UI design
204,Client 204,2024-06-04,903.01,Hardware procurement
205,Client 205,2024-06-09,4553.29,Mobile app design
206,Client 206,2024-08-06,3078.9,User onboarding
207,Client 207,2024-07-06,2216.72,Hardware procurement
208,Client 208,2024-02-17,4853.43,IT support
209,Client 209,2024-08-03,1550.85,Business analysis
210,Client 210,2024-01-05,517.09,SEO optimization
211,Client 211,2024-01-22,488.18,IT support
212,Client 212,2024-08-18,4506.64,IT support
213,Client 213,2024-08-14,3665.91,E-commerce setup
214,Client 214,2024-07-13,609.47,Software licensing
215,Client 215,2024-07-07,4784.86,Website design
216,Client 216,2024-04-11,3001.58,Project management
217,Client 217,2024-06-20,571.56,Training session
218,Client 218,2024-04-08,2744.75,User onboarding
219,Client 219,2024-04-19,667.47,Security audit
220,Client 220,2024-02-17,4637.99,Network setup
221,Client 221,2024-06-10,2966.34,Technical training
222,Client 222,2024-07-22,1592.0,Product management
223,Client 223,2024-03-05,2437.4,Infrastructure setup
224,Client 224,2024-04-25,578.34,System integration
225,Client 225,2024-06-16,1558.49,E-commerce setup
226,Client 226,2024-01-08,1111.62,Consulting fee
227,Client 227,2024-01-26,3688.06,IT support
228,Client 228,2024-04-08,3361.22,Subscription fee
229,Client 229,2024-06-18,3054.83,Mobile app design
230,Client 230,2024-04-13,486.78,Security audit
231,Client 231,2024-03-30,1964.57,Subscription fee
232,Client 232,2024-05-20,3496.43,Data analysis
233,Client 233,2024-01-25,509.07,System integration
234,Client 234,2024-07-17,3682.35,Product management
235,Client 235,2024-06-12,2155.12,Infrastructure setup
236,Client 236,2024-04-22,1581.17,Technical training
237,Client 237,2024-03-22,203.9,Database maintenance
238,Client 238,2024-01-02,1831.99,App development
239,Client 239,2024-06-01,2907.09,Technical documentation
240,Client 240,2024-05-23,2006.91,Security audit
241,Client 241,2024-03-08,4386.4,Subscription fee
242,Client 242,2024-08-05,371.13,Mobile app design
243,Client 243,2024-05-05,1440.3,App development
244,Client 244,2024-02-28,3026.12,Infrastructure setup
245,Client 245,2024-08-06,4029.69,Technical documentation
246,Client 246,2024-07-18,2510.74,Product management
247,Client 247,2024-03-03,2794.52,Product management
248,Client 248,2024-04-30,4994.58,Customer support
249,Client 249,2024-05-02,2906.59,UX/UI design
250,Client 250,2024-06-12,2838.3,Network setup
251,Client 251,2024-04-05,1121.71,Customer support
252,Client 252,2024-07-13,2536.63,Business analysis
253,Client 253,2024-08-05,1822.52,Data analysis
254,Client 254,2024-07-28,607.8,UX/UI design
255,Client 255,2024-01-22,3984.71,Website design
256,Client 256,2024-08-03,2905.32,SEO optimization
257,Client 257,2024-08-20,1128.66,Network setup
258,Client 258,2024-07-03,1355.33,User onboarding
259,Client 259,2024-08-04,1560.92,Consulting fee
260,Client 260,2024-06-21,3358.53,Website design
261,Client 261,2024-01-09,641.97,E-commerce setup
262,Client 262,2024-01-23,4854.66,Data analysis
263,Client 263,2024-05-04,4987.12,Database maintenance
264,Client 264,2024-07-11,3120.33,Product management
265,Client 265,2024-01-08,1595.82,Subscription fee
266,Client 266,2024-05-02,1262.6,Database maintenance
267,Client 267,2024-07-13,3770.87,System integration
268,Client 268,2024-04-22,2503.6,Software licensing
269,Client 269,2024-07-25,4282.75,Software upgrade
270,Client 270,2024-06-12,4570.66,Technical documentation
271,Client 271,2024-04-06,1293.11,Business analysis
272,Client 272,2024-01-22,803.64,Technical training
273,Client 273,2024-06-22,2666.95,Database maintenance
274,Client 274,2024-07-23,3355.87,App development
275,Client 275,2024-04-01,874.86,UX/UI design
276,Client 276,2024-07-13,4469.43,Customer support
277,Client 277,2024-03-20,2418.39,Training session
278,Client 278,2024-04-22,4845.03,E-commerce setup
279,Client 279,2024-08-04,3417.12,Product management
280,Client 280,2024-05-29,992.23,Database maintenance
281,Client 281,2024-05-13,4447.71,Software licensing
282,Client 282,2024-08-15,832.09,Technical training
283,Client 283,2024-01-01,1240.51,Training session
284,Client 284,2024-03-04,638.73,SEO optimization
285,Client 285,2024-01-09,3371.46,Website design
286,Client 286,2024-07-31,1357.4,SEO optimization
287,Client 287,2024-03-17,2723.12,Payment processing
288,Client 288,2024-01-25,144.63,User onboarding
289,Client 289,2024-05-06,1736.91,Hardware procurement
290,Client 290,2024-05-25,3878.14,Mobile app design
291,Client 291,2024-07-03,2681.87,Product management
292,Client 292,2024-01-26,3443.07,Mobile app design
293,Client 293,2024-02-13,4242.63,System integration
294,Client 294,2024-07-12,2556.87,Training session
295,Client 295,2024-07-07,264.94,Product management
296,Client 296,2024-07-20,4454.08,Network setup
297,Client 297,2024-07-14,1793.55,IT support
298,Client 298,2024-06-05,1694.53,Software licensing
299,Client 299,2024-06-19,3396.78,Technical documentation
300,Client 300,2024-01-28,4004.76,UX/UI design
301,Client 301,2024-05-31,4843.75,E-commerce setup
302,Client 302,2024-01-14,4636.11,Database maintenance
303,Client 303,2024-01-07,309.3,Technical documentation
304,Client 304,2024-07-21,4447.86,API integration
305,Client 305,2024-04-14,4594.81,Software upgrade
306,Client 306,2024-08-17,882.89,UX/UI design
307,Client 307,2024-05-04,3218.11,Website design
308,Client 308,2024-06-29,4375.28,Project management
309,Client 309,2024-06-10,2630.81,Technical training
310,Client 310,2024-05-26,3565.64,Technical training
311,Client 311,2024-04-04,2543.73,UX/UI design
312,Client 312,2024-05-17,3573.7,Project management
313,Client 313,2024-02-26,2058.89,Hardware procurement
314,Client 314,2024-05-03,3797.31,Data analysis
315,Client 315,2024-03-08,2710.87,Subscription fee
316,Client 316,2024-01-01,111.82,Customer support
317,Client 317,2024-03-13,1929.5,Technical documentation
318,Client 318,2024-08-17,4856.26,IT support
319,Client 319,2024-01-25,3648.69,App development
320,Client 320,2024-03-12,2073.81,E-commerce setup
321,Client 321,2024-02-19,860.4,Database maintenance
322,Client 322,2024-08-01,4935.8,Technical training
323,Client 323,2024-04-27,783.29,Hardware procurement
324,Client 324,2024-06-30,3773.7,SEO optimization
325,Client 325,2024-06-04,3635.82,Subscription fee
326,Client 326,2024-06-26,1050.76,Cloud services
327,Client 327,2024-07-15,3726.34,Consulting fee
328,Client 328,2024-07-29,2197.62,Network setup
329,Client 329,2024-01-13,445.6,Cloud services
330,Client 330,2024-02-26,3242.83,System integration
331,Client 331,2024-06-26,368.65,Consulting fee
332,Client 332,2024-04-03,339.2,System integration
333,Client 333,2024-08-24,3778.47,Hardware procurement
334,Client 334,2024-03-15,3129.81,UX/UI design
335,Client 335,2024-06-02,949.6,Hardware procurement
336,Client 336,2024-03-14,3137.24,Software upgrade
337,Client 337,2024-03-29,3177.99,Consulting fee
338,Client 338,2024-02-14,4723.88,Database maintenance
339,Client 339,2024-01-30,100.56,Infrastructure setup
340,Client 340,2024-01-13,323.86,Infrastructure setup
341,Client 341,2024-03-17,260.9,Infrastructure setup
342,Client 342,2024-03-11,4437.36,Customer support
343,Client 343,2024-02-28,1076.64,Hardware procurement
344,Client 344,2024-07-21,4255.9,Training session
345,Client 345,2024-07-17,3280.42,Data analysis
346,Client 346,2024-05-22,3454.3,Infrastructure setup
347,Client 347,2024-03-01,1727.1,Technical documentation
348,Client 348,2024-05-23,2074.57,API integration
349,Client 349,2024-06-13,3713.24,Database maintenance
350,Client 350,2024-03-31,4293.75,Software upgrade
351,Client 351,2024-03-07,4003.5,Infrastructure setup
352,Client 352,2024-02-17,3224.01,Mobile app design
353,Client 353,2024-08-23,1330.15,User onboarding
354,Client 354,2024-08-11,2458.16,Website design
355,Client 355,2024-01-22,4251.98,Database maintenance
356,Client 356,2024-06-24,2862.03,Technical documentation
357,Client 357,2024-01-10,884.5,Digital marketing
358,Client 358,2024-01-18,2451.12,Data analysis
359,Client 359,2024-03-12,4427.74,Customer support
360,Client 360,2024-01-25,1762.51,Hardware procurement
361,Client 361,2024-06-04,4973.23,Software licensing
362,Client 362,2024-06-13,2693.14,Software licensing
363,Client 363,2024-04-24,405.45,Payment processing
364,Client 364,2024-08-11,1637.03,Business analysis
365,Client 365,2024-01-06,2943.63,Hardware procurement
366,Client 366,2024-08-02,4565.45,Subscription fee
367,Client 367,2024-04-23,2907.15,Mobile app design
368,Client 368,2024-06-23,1388.13,Software licensing
369,Client 369,2024-01-23,3850.82,Network setup
370,Client 370,2024-02-08,2306.16,Website design
371,Client 371,2024-01-07,4399.21,App development
372,Client 372,2024-07-13,598.34,API integration
373,Client 373,2024-08-08,1494.42,UX/UI design
374,Client 374,2024-02-25,1263.45,Software licensing
375,Client 375,2024-04-18,4059.61,Software upgrade
376,Client 376,2024-07-08,4903.32,Network setup
377,Client 377,2024-08-02,622.3,SEO optimization
378,Client 378,2024-06-14,2326.79,Technical documentation
379,Client 379,2024-07-17,1191.58,Security audit
380,Client 380,2024-04-03,4701.01,Data analysis
381,Client 381,2024-03-19,1264.24,Payment processing
382,Client 382,2024-01-03,1729.87,Digital marketing
383,Client 383,2024-04-05,655.18,E-commerce setup
384,Client 384,2024-08-02,4497.79,Payment processing
385,Client 385,2024-03-11,992.1,Consulting fee
386,Client 386,2024-06-22,2128.86,Security audit
387,Client 387,2024-07-11,106.82,E-commerce setup
388,Client 388,2024-05-04,4791.04,IT support
389,Client 389,2024-03-04,1729.8,IT support
390,Client 390,2024-04-29,4304.21,Technical documentation
391,Client 391,2024-07-04,164.24,Database maintenance
392,Client 392,2024-03-10,2872.91,Cloud services
393,Client 393,2024-02-18,2228.6,Technical documentation
394,Client 394,2024-04-25,4682.64,UX/UI design
395,Client 395,2024-07-14,890.04,Cloud services
396,Client 396,2024-06-05,2206.51,Hardware procurement
397,Client 397,2024-07-23,182.45,Security audit
398,Client 398,2024-06-12,3172.59,E-commerce setup
399,Client 399,2024-03-25,3612.41,User onboarding
400,Client 400,2024-07-18,4808.49,API integration
401,Client 401,2024-04-26,734.71,Network setup
402,Client 402,2024-07-13,3907.89,Payment processing
403,Client 403,2024-05-22,569.62,Business analysis
404,Client 404,2024-06-05,1023.1,Software upgrade
405,Client 405,2024-02-16,3956.53,Technical training
406,Client 406,2024-07-15,1984.57,Data analysis
407,Client 407,2024-01-03,2323.31,System integration
408,Client 408,2024-05-05,532.69,Payment processing
409,Client 409,2024-03-18,3284.89,Database maintenance
410,Client 410,2024-07-12,1249.86,Product management
411,Client 411,2024-06-24,2975.43,Payment processing
412,Client 412,2024-04-12,3444.15,Technical training
413,Client 413,2024-08-11,4306.92,Data analysis
414,Client 414,2024-08-20,2726.0,Security audit
415,Client 415,2024-05-17,1301.54,Software upgrade
416,Client 416,2024-02-13,485.14,System integration
417,Client 417,2024-03-16,1500.51,Cloud services
418,Client 418,2024-07-20,3953.26,Project management
419,Client 419,2024-01-29,4707.38,Mobile app design
420,Client 420,2024-07-18,835.78,Technical documentation
421,Client 421,2024-08-22,1448.99,App development
422,Client 422,2024-07-18,281.87,Infrastructure setup
423,Client 423,2024-07-30,1729.86,Security audit
424,Client 424,2024-03-15,3069.18,IT support
425,Client 425,2024-07-14,2812.16,IT support
426,Client 426,2024-08-22,342.55,Payment processing
427,Client 427,2024-06-01,2235.5,Hardware procurement
428,Client 428,2024-05-20,970.47,SEO optimization
429,Client 429,2024-04-17,142.54,Data analysis
430,Client 430,2024-05-27,4205.21,Infrastructure setup
431,Client 431,2024-06-03,1263.45,API integration
432,Client 432,2024-08-07,615.48,Business analysis
433,Client 433,2024-07-17,2640.44,Database maintenance
434,Client 434,2024-05-09,2059.42,Project management
435,Client 435,2024-04-03,2876.66,System integration
436,Client 436,2024-06-14,2965.12,Customer support
437,Client 437,2024-03-25,4177.73,Business analysis
438,Client 438,2024-07-06,2290.37,API integration
439,Client 439,2024-02-12,1454.35,Training session
440,Client 440,2024-03-09,1891.53,Customer support
441,Client 441,2024-06-21,4518.18,Digital marketing
442,Client 442,2024-06-04,4096.02,User onboarding
443,Client 443,2024-08-01,1746.5,SEO optimization
444,Client 444,2024-05-17,365.62,Training session
445,Client 445,2024-07-25,737.12,Subscription fee
446,Client 446,2024-07-07,2513.31,API integration
447,Client 447,2024-07-17,659.19,Customer support
448,Client 448,2024-07-22,799.57,Technical training
449,Client 449,2024-05-07,195.81,API integration
450,Client 450,2024-07-04,3867.86,Infrastructure setup
451,Client 451,2024-02-21,1520.86,Training session
452,Client 452,2024-07-16,850.14,Software licensing
453,Client 453,2024-04-21,1573.67,User onboarding
454,Client 454,2024-03-29,4147.87,Infrastructure setup
455,Client 455,2024-05-12,4606.11,Infrastructure setup
456,Client 456,2024-01-06,1433.41,SEO optimization
457,Client 457,2024-08-03,2935.64,Technical documentation
458,Client 458,2024-04-07,2139.83,UX/UI design
459,Client 459,2024-03-06,145.53,API integration
460,Client 460,2024-03-15,2219.83,System integration
461,Client 461,2024-05-02,419.23,User onboarding
462,Client 462,2024-07-16,4346.0,UX/UI design
463,Client 463,2024-07-04,1388.11,Training session
464,Client 464,2024-07-20,787.33,Payment processing
465,Client 465,2024-04-21,1532.28,Database maintenance
466,Client 466,2024-08-25,1251.33,Website design
467,Client 467,2024-06-12,194.46,IT support
468,Client 468,2024-01-03,1660.84,Data analysis
469,Client 469,2024-02-10,4830.17,Database maintenance
470,Client 470,2024-06-19,1148.96,Database maintenance
471,Client 471,2024-05-22,1289.73,Software upgrade
472,Client 472,2024-03-25,4933.79,Data analysis
473,Client 473,2024-07-10,4089.61,Data analysis
474,Client 474,2024-04-04,3404.74,Payment processing
475,Client 475,2024-07-30,4686.35,User onboarding
476,Client 476,2024-03-20,2055.49,Security audit
477,Client 477,2024-08-11,1113.83,UX/UI design
478,Client 478,2024-01-12,1224.52,E-commerce setup
479,Client 479,2024-05-16,238.73,Website design
480,Client 480,2024-02-04,3318.98,Hardware procurement
481,Client 481,2024-06-26,3941.76,Hardware procurement
482,Client 482,2024-06-19,3045.73,Consulting fee
483,Client 483,2024-08-07,2789.98,System integration
484,Client 484,2024-04-26,2534.44,Software upgrade
485,Client 485,2024-01-04,3994.32,Mobile app design
486,Client 486,2024-03-09,459.56,Consulting fee
487,Client 487,2024-03-29,3905.1,Hardware procurement
488,Client 488,2024-06-05,401.56,Project management
489,Client 489,2024-01-29,669.85,API integration
490,Client 490,2024-05-20,591.93,IT support
491,Client 491,2024-07-17,4293.69,Hardware procurement
492,Client 492,2024-04-11,1412.06,Software licensing
493,Client 493,2024-07-27,2605.05,Customer support
494,Client 494,2024-07-29,2439.2,Mobile app design
495,Client 495,2024-08-05,1333.46,Software upgrade
496,Client 496,2024-07-06,4270.73,Customer support
497,Client 497,2024-07-30,4375.93,Training session
498,Client 498,2024-01-09,2272.56,Cloud services
499,Client 499,2024-06-16,1417.08,Network setup
500,Client 500,2024-01-24,4658.25,Product management
501,Client 501,2024-04-18,3600.74,API integration
502,Client 502,2024-08-12,1274.87,SEO optimization
503,Client 503,2024-07-08,2732.41,Training session
504,Client 504,2024-01-23,2550.03,Database maintenance
505,Client 505,2024-04-30,3342.4,Cloud services
506,Client 506,2024-08-08,2309.02,Hardware procurement
507,Client 507,2024-07-09,3903.01,User onboarding
508,Client 508,2024-07-03,3275.73,Training session
509,Client 509,2024-02-29,1694.96,Security audit
510,Client 510,2024-08-17,4187.34,Mobile app design
511,Client 511,2024-07-15,3396.25,API integration
512,Client 512,2024-03-28,917.52,Website design
513,Client 513,2024-05-07,3395.0,Database maintenance
514,Client 514,2024-06-09,2616.11,App development
515,Client 515,2024-07-10,293.98,Technical documentation
516,Client 516,2024-08-18,3234.14,Payment processing
517,Client 517,2024-06-16,737.17,Business analysis
518,Client 518,2024-05-04,2927.06,Customer support
519,Client 519,2024-08-17,1394.75,Security audit
520,Client 520,2024-05-28,2594.31,Cloud services
521,Client 521,2024-04-22,3615.4,Infrastructure setup
522,Client 522,2024-01-24,4192.59,App development
523,Client 523,2024-06-03,1084.84,Product management
524,Client 524,2024-07-04,3804.08,UX/UI design
525,Client 525,2024-05-04,1583.42,Cloud services
526,Client 526,2024-06-14,3030.17,Software licensing
527,Client 527,2024-08-17,2195.35,Customer support
528,Client 528,2024-02-19,4384.49,Cloud services
529,Client 529,2024-07-24,2535.64,Project management
530,Client 530,2024-08-06,2093.48,Customer support
531,Client 531,2024-08-08,4362.67,Software licensing
532,Client 532,2024-04-28,2126.64,Project management
533,Client 533,2024-03-14,1821.09,Digital marketing
534,Client 534,2024-06-27,3990.97,Technical training
535,Client 535,2024-03-08,862.62,SEO optimization
536,Client 536,2024-07-27,1259.96,Website design
537,Client 537,2024-07-14,4822.81,Subscription fee
538,Client 538,2024-04-10,4020.55,Software upgrade
539,Client 539,2024-02-19,2541.28,Mobile app design
540,Client 540,2024-04-19,1791.25,Cloud services
541,Client 541,2024-02-20,1383.28,Project management
542,Client 542,2024-02-16,3955.83,Project management
543,Client 543,2024-07-15,435.2,Network setup
544,Client 544,2024-05-04,3468.93,Technical training
545,Client 545,2024-03-24,169.75,Database maintenance
546,Client 546,2024-02-11,1828.29,User onboarding
547,Client 547,2024-02-09,928.58,Digital marketing
548,Client 548,2024-03-30,2760.46,API integration
549,Client 549,2024-05-01,2761.98,Infrastructure setup
550,Client 550,2024-01-07,3743.11,Business analysis
551,Client 551,2024-01-12,2036.64,Business analysis
552,Client 552,2024-02-15,3047.01,IT support
553,Client 553,2024-03-10,1069.53,Digital marketing
554,Client 554,2024-06-28,2616.54,Technical training
555,Client 555,2024-02-10,2913.4,Technical documentation
556,Client 556,2024-02-02,3362.46,Software upgrade
557,Client 557,2024-06-21,929.8,Project management
558,Client 558,2024-04-22,4802.83,API integration
559,Client 559,2024-04-20,1897.6,API integration
560,Client 560,2024-06-11,1695.07,Infrastructure setup
561,Client 561,2024-02-15,3791.07,UX/UI design
562,Client 562,2024-06-03,608.75,Product management
563,Client 563,2024-02-24,3603.61,Business analysis
564,Client 564,2024-03-11,2902.68,Technical documentation
565,Client 565,2024-06-07,1427.86,Technical training
566,Client 566,2024-06-17,1978.24,Website design
567,Client 567,2024-08-11,1843.69,Technical training
568,Client 568,2024-01-08,980.7,IT support
569,Client 569,2024-02-14,4208.44,API integration
570,Client 570,2024-04-05,2369.72,Software licensing
571,Client 571,2024-02-23,4510.39,Customer support
572,Client 572,2024-03-28,1985.32,Business analysis
573,Client 573,2024-02-24,2304.4,UX/UI design
574,Client 574,2024-02-24,3206.73,Security audit
575,Client 575,2024-05-27,1498.51,Data analysis
576,Client 576,2024-08-09,1977.13,IT support
577,Client 577,2024-05-29,1480.46,User onboarding
578,Client 578,2024-05-24,475.61,Infrastructure setup
579,Client 579,2024-03-26,2324.3,Payment processing
580,Client 580,2024-06-30,1995.85,E-commerce setup
581,Client 581,2024-08-25,3142.13,UX/UI design
582,Client 582,2024-06-05,4673.52,Database maintenance
583,Client 583,2024-02-02,147.46,System integration
584,Client 584,2024-01-30,1303.43,IT support
585,Client 585,2024-01-24,2648.53,Data analysis
586,Client 586,2024-01-07,2389.98,Digital marketing
587,Client 587,2024-07-08,2866.25,Hardware procurement
588,Client 588,2024-02-27,4944.06,System integration
589,Client 589,2024-07-29,1973.31,Website design
590,Client 590,2024-01-09,3775.13,SEO optimization
591,Client 591,2024-06-17,1432.86,Digital marketing
592,Client 592,2024-05-18,3044.43,Consulting fee
593,Client 593,2024-07-16,4655.17,Software licensing
594,Client 594,2024-05-27,4097.45,Subscription fee
595,Client 595,2024-07-04,1082.91,UX/UI design
596,Client 596,2024-04-20,311.21,Digital marketing
597,Client 597,2024-07-22,4474.1,Product management
598,Client 598,2024-08-09,1112.65,Website design
599,Client 599,2024-03-17,1990.88,Payment processing
600,Client 600,2024-08-25,4565.79,Payment processing
601,Client 601,2024-08-25,3185.99,Training session
602,Client 602,2024-06-24,4071.91,Payment processing
603,Client 603,2024-03-21,3424.31,Software licensing
604,Client 604,2024-08-23,2662.69,Payment processing
605,Client 605,2024-03-22,1218.79,E-commerce setup
606,Client 606,2024-01-05,1043.36,Data analysis
607,Client 607,2024-06-17,4895.15,Business analysis
608,Client 608,2024-01-26,1959.4,Cloud services
609,Client 609,2024-06-25,3153.77,E-commerce setup
610,Client 610,2024-07-18,677.29,E-commerce setup
611,Client 611,2024-01-19,4471.64,E-commerce setup
612,Client 612,2024-06-15,1387.03,Subscription fee
613,Client 613,2024-04-21,2198.11,IT support
614,Client 614,2024-03-31,312.57,Technical documentation
615,Client 615,2024-08-08,715.64,Mobile app design
616,Client 616,2024-03-09,1126.42,Data analysis
617,Client 617,2024-07-31,612.05,User onboarding
618,Client 618,2024-04-12,4973.3,System integration
619,Client 619,2024-01-07,2005.94,Customer support
620,Client 620,2024-07-25,1060.76,Network setup
621,Client 621,2024-07-13,3919.45,Website design
622,Client 622,2024-06-29,575.5,Training session
623,Client 623,2024-01-12,1804.85,Product management
624,Client 624,2024-08-25,519.65,Customer support
625,Client 625,2024-01-26,2354.27,Project management
626,Client 626,2024-03-11,4092.09,Technical training
627,Client 627,2024-05-07,4773.05,Customer support
628,Client 628,2024-06-23,854.38,Infrastructure setup
629,Client 629,2024-06-26,3093.87,IT support
630,Client 630,2024-08-23,1725.78,IT support
631,Client 631,2024-07-17,2824.74,Security audit
632,Client 632,2024-06-25,3388.25,UX/UI design
633,Client 633,2024-04-01,4429.14,Customer support
634,Client 634,2024-08-13,2636.91,Website design
635,Client 635,2024-04-30,2574.23,Project management
636,Client 636,2024-05-15,2424.22,SEO optimization
637,Client 637,2024-08-06,666.44,Data analysis
638,Client 638,2024-06-27,4922.55,Digital marketing
639,Client 639,2024-08-09,2021.85,Network setup
640,Client 640,2024-05-02,2269.78,Payment processing
641,Client 641,2024-05-31,4441.35,Consulting fee
642,Client 642,2024-04-02,1093.74,Hardware procurement
643,Client 643,2024-05-08,2651.32,App development
644,Client 644,2024-02-11,511.39,Data analysis
645,Client 645,2024-06-03,3927.42,IT support
646,Client 646,2024-02-11,4382.91,Database maintenance
647,Client 647,2024-01-07,1814.69,System integration
648,Client 648,2024-08-06,1116.74,Technical training
649,Client 649,2024-02-20,3213.88,Software licensing
650,Client 650,2024-05-25,4124.57,Cloud services
651,Client 651,2024-05-08,1375.32,Software upgrade
652,Client 652,2024-03-20,4274.26,Cloud services
653,Client 653,2024-03-19,1314.05,SEO optimization
654,Client 654,2024-01-19,637.43,Customer support
655,Client 655,2024-08-21,1338.33,Database maintenance
656,Client 656,2024-07-12,3398.73,Technical training
657,Client 657,2024-07-13,3869.53,Hardware procurement
658,Client 658,2024-04-09,4714.87,Infrastructure setup
659,Client 659,2024-02-05,3756.69,E-commerce setup
660,Client 660,2024-01-12,3890.18,API integration
661,Client 661,2024-01-01,2128.22,Mobile app design
662,Client 662,2024-03-19,1364.28,Database maintenance
663,Client 663,2024-04-05,1403.66,Subscription fee
664,Client 664,2024-04-01,2417.06,Project management
665,Client 665,2024-08-24,1188.05,Website design
666,Client 666,2024-07-08,4457.37,Mobile app design
667,Client 667,2024-06-18,2173.75,Website design
668,Client 668,2024-01-24,2924.95,Business analysis
669,Client 669,2024-07-06,352.38,Website design
670,Client 670,2024-08-13,2942.58,System integration
671,Client 671,2024-04-15,4111.03,IT support
672,Client 672,2024-08-06,3726.04,UX/UI design
673,Client 673,2024-06-09,4958.53,Security audit
674,Client 674,2024-03-07,3709.62,Database maintenance
675,Client 675,2024-06-02,1104.5,User onboarding
676,Client 676,2024-03-30,2672.02,User onboarding
677,Client 677,2024-01-16,477.29,User onboarding
678,Client 678,2024-05-15,1592.68,Website design
679,Client 679,2024-05-31,2582.58,E-commerce setup
680,Client 680,2024-01-23,4446.17,E-commerce setup
681,Client 681,2024-06-29,1284.64,Training session
682,Client 682,2024-02-09,3026.22,Business analysis
683,Client 683,2024-03-10,1212.83,Subscription fee
684,Client 684,2024-05-28,2400.04,Infrastructure setup
685,Client 685,2024-08-21,782.71,Website design
686,Client 686,2024-07-23,4960.15,Technical documentation
687,Client 687,2024-08-13,918.67,Product management
688,Client 688,2024-07-06,255.77,SEO optimization
689,Client 689,2024-07-14,1455.07,Cloud services
690,Client 690,2024-04-02,306.33,Website design
691,Client 691,2024-01-02,827.68,Hardware procurement
692,Client 692,2024-05-23,3990.25,Infrastructure setup
693,Client 693,2024-06-30,3613.65,Network setup
694,Client 694,2024-04-10,1239.51,Software licensing
695,Client 695,2024-03-19,3357.55,Software upgrade
696,Client 696,2024-08-06,2297.28,App development
697,Client 697,2024-02-12,317.87,Training session
698,Client 698,2024-03-21,4547.02,Infrastructure setup
699,Client 699,2024-06-29,1515.42,System integration
700,Client 700,2024-03-13,2033.42,Technical training
701,Client 701,2024-02-24,1600.07,Network setup
702,Client 702,2024-06-11,1792.64,UX/UI design
703,Client 703,2024-07-22,1514.03,Security audit
704,Client 704,2024-01-03,2911.41,Customer support
705,Client 705,2024-05-07,4972.16,IT support
706,Client 706,2024-05-19,2095.27,Data analysis
707,Client 707,2024-08-16,3489.38,Database maintenance
708,Client 708,2024-03-21,1468.56,App development
709,Client 709,2024-04-13,280.59,Hardware procurement
710,Client 710,2024-05-19,2226.78,Infrastructure setup
711,Client 711,2024-06-20,3767.2,Payment processing
712,Client 712,2024-02-27,2354.26,E-commerce setup
713,Client 713,2024-04-13,3752.01,UX/UI design
714,Client 714,2024-06-17,2044.77,Cloud services
715,Client 715,2024-04-23,952.35,Subscription fee
716,Client 716,2024-03-05,458.95,Technical documentation
717,Client 717,2024-01-22,3451.66,SEO optimization
718,Client 718,2024-07-02,3532.23,Software licensing
719,Client 719,2024-05-07,2463.81,Training session
720,Client 720,2024-02-15,1100.12,Technical documentation
721,Client 721,2024-04-19,4578.23,Technical documentation
722,Client 722,2024-07-08,1953.03,App development
723,Client 723,2024-07-02,2588.82,Technical training
724,Client 724,2024-04-04,1445.72,Payment processing
725,Client 725,2024-01-29,3214.43,System integration
726,Client 726,2024-07-07,2144.52,Product management
727,Client 727,2024-08-03,1366.55,API integration
728,Client 728,2024-02-06,4404.59,Project management
729,Client 729,2024-08-07,2977.67,IT support
730,Client 730,2024-05-22,2953.95,Subscription fee
731,Client 731,2024-08-20,562.14,Security audit
732,Client 732,2024-06-01,755.86,Consulting fee
733,Client 733,2024-03-19,2295.43,System integration
734,Client 734,2024-04-11,934.12,API integration
735,Client 735,2024-06-03,3356.1,E-commerce setup
736,Client 736,2024-03-28,3718.7,UX/UI design
737,Client 737,2024-03-14,4350.4,Technical training
738,Client 738,2024-02-22,4420.9,Technical training
739,Client 739,2024-02-05,232.79,UX/UI design
740,Client 740,2024-04-30,2803.54,Mobile app design
741,Client 741,2024-05-28,4358.18,Payment processing
742,Client 742,2024-06-18,2865.48,Data analysis
743,Client 743,2024-05-03,169.98,Customer support
744,Client 744,2024-05-13,2371.71,SEO optimization
745,Client 745,2024-07-14,972.76,Business analysis
746,Client 746,2024-03-06,1432.34,Data analysis
747,Client 747,2024-05-29,1071.79,Customer support
748,Client 748,2024-08-04,1863.62,Technical documentation
749,Client 749,2024-04-24,4075.78,API integration
750,Client 750,2024-04-01,2111.57,UX/UI design
751,Client 751,2024-05-14,3744.31,Infrastructure setup
752,Client 752,2024-07-11,569.16,Network setup
753,Client 753,2024-04-28,4431.77,Network setup
754,Client 754,2024-02-24,2723.52,E-commerce setup
755,Client 755,2024-06-02,124.29,Security audit
756,Client 756,2024-03-27,1229.26,SEO optimization
757,Client 757,2024-06-05,1543.19,Product management
758,Client 758,2024-07-15,4321.45,UX/UI design
759,Client 759,2024-03-14,3759.95,Infrastructure setup
760,Client 760,2024-05-18,1115.93,Product management
761,Client 761,2024-02-15,4165.44,Subscription fee
762,Client 762,2024-05-19,2799.87,API integration
763,Client 763,2024-03-05,1903.16,Consulting fee
764,Client 764,2024-05-14,3462.87,Business analysis
765,Client 765,2024-08-17,2753.29,Infrastructure setup
766,Client 766,2024-05-04,3615.29,Network setup
767,Client 767,2024-06-21,3660.02,Product management
768,Client 768,2024-06-22,2486.04,Customer support
769,Client 769,2024-05-23,1345.2,UX/UI design
770,Client 770,2024-04-12,2570.1,Hardware procurement
771,Client 771,2024-05-31,1290.49,Network setup
772,Client 772,2024-03-16,3216.53,User onboarding
773,Client 773,2024-03-18,964.48,Training session
774,Client 774,2024-04-15,4371.39,Security audit
775,Client 775,2024-02-18,3346.94,Digital marketing
776,Client 776,2024-07-21,361.13,Data analysis
777,Client 777,2024-04-15,502.84,Technical training
778,Client 778,2024-04-25,3704.35,Network setup
779,Client 779,2024-08-10,1129.49,Hardware procurement
780,Client 780,2024-08-14,3425.83,Infrastructure setup
781,Client 781,2024-02-22,2842.2,Project management
782,Client 782,2024-07-08,2123.38,Database maintenance
783,Client 783,2024-01-01,839.15,Technical documentation
784,Client 784,2024-03-27,1141.39,Technical training
785,Client 785,2024-03-04,855.97,IT support
786,Client 786,2024-05-09,2333.64,User onboarding
787,Client 787,2024-03-14,2023.72,Website design
788,Client 788,2024-05-07,1660.91,Website design
789,Client 789,2024-05-19,2889.18,Infrastructure setup
790,Client 790,2024-01-17,3755.34,App development
791,Client 791,2024-08-02,1916.51,Cloud services
792,Client 792,2024-07-20,3182.43,Payment processing
793,Client 793,2024-04-14,4469.8,App development
794,Client 794,2024-01-03,1441.8,Project management
795,Client 795,2024-05-15,3379.92,Website design
796,Client 796,2024-06-27,1961.09,Technical documentation
797,Client 797,2024-03-14,3531.56,Technical training
798,Client 798,2024-06-22,1914.09,Training session
799,Client 799,2024-04-09,1656.75,Payment processing
800,Client 800,2024-01-09,3535.23,E-commerce setup
801,Client 801,2024-03-07,2198.71,SEO optimization
802,Client 802,2024-05-07,1710.46,Infrastructure setup
803,Client 803,2024-02-21,342.74,Network setup
804,Client 804,2024-03-06,3523.81,Product management
805,Client 805,2024-03-22,747.97,Network setup
806,Client 806,2024-03-29,3584.8,Cloud services
807,Client 807,2024-08-10,2099.11,Network setup
808,Client 808,2024-02-16,3688.81,API integration
809,Client 809,2024-08-08,3901.32,Product management
810,Client 810,2024-03-13,1752.76,Digital marketing
811,Client 811,2024-07-06,1069.18,Infrastructure setup
812,Client 812,2024-06-10,4618.44,Hardware procurement
813,Client 813,2024-04-18,1053.93,Technical training
814,Client 814,2024-06-14,4485.17,App development
815,Client 815,2024-05-26,105.91,Website design
816,Client 816,2024-01-16,575.89,Data analysis
817,Client 817,2024-06-21,4388.92,System integration
818,Client 818,2024-02-09,1403.55,Website design
819,Client 819,2024-04-12,2718.62,Hardware procurement
820,Client 820,2024-06-20,1759.58,Network setup
821,Client 821,2024-01-07,3691.18,Hardware procurement
822,Client 822,2024-06-25,1308.86,Subscription fee
823,Client 823,2024-04-04,3980.81,Consulting fee
824,Client 824,2024-03-14,1439.19,Technical training
825,Client 825,2024-08-23,1122.67,Software upgrade
826,Client 826,2024-08-05,1497.29,Database maintenance
827,Client 827,2024-07-20,4441.58,SEO optimization
828,Client 828,2024-07-07,1042.14,App development
829,Client 829,2024-01-21,2312.05,Business analysis
830,Client 830,2024-08-15,1768.11,Website design
831,Client 831,2024-01-27,3354.62,Data analysis
832,Client 832,2024-03-14,463.51,Database maintenance
833,Client 833,2024-07-05,2264.14,SEO optimization
834,Client 834,2024-06-19,2736.42,System integration
835,Client 835,2024-08-12,782.21,Business analysis
836,Client 836,2024-06-26,3499.04,System integration
837,Client 837,2024-02-12,2380.66,Data analysis
838,Client 838,2024-03-15,4172.56,Customer support
839,Client 839,2024-05-09,3316.8,User onboarding
840,Client 840,2024-08-11,570.27,Data analysis
841,Client 841,2024-01-14,481.84,IT support
842,Client 842,2024-03-15,783.81,Hardware procurement
843,Client 843,2024-07-01,359.31,App development
844,Client 844,2024-04-21,1190.76,User onboarding
845,Client 845,2024-08-08,4569.86,Mobile app design
846,Client 846,2024-07-20,1524.24,Business analysis
847,Client 847,2024-01-01,737.75,Training session
848,Client 848,2024-06-21,4303.51,Software upgrade
849,Client 849,2024-03-18,3553.12,User onboarding
850,Client 850,2024-04-20,3902.13,App development
851,Client 851,2024-08-13,4712.96,Software upgrade
852,Client 852,2024-05-10,2538.17,Website design
853,Client 853,2024-01-22,2531.33,Data analysis
854,Client 854,2024-04-12,4822.73,E-commerce setup
855,Client 855,2024-06-11,2334.55,E-commerce setup
856,Client 856,2024-06-13,381.87,Cloud services
857,Client 857,2024-04-26,4024.35,Security audit
858,Client 858,2024-02-25,4930.8,Hardware procurement
859,Client 859,2024-01-28,4554.17,Digital marketing
860,Client 860,2024-05-22,3214.37,SEO optimization
861,Client 861,2024-05-19,979.13,Network setup
862,Client 862,2024-03-06,2939.84,Software licensing
863,Client 863,2024-06-09,270.33,SEO optimization
864,Client 864,2024-02-14,697.86,E-commerce setup
865,Client 865,2024-01-28,4190.39,Customer support
866,Client 866,2024-07-10,736.99,Product management
867,Client 867,2024-01-15,2085.08,Product management
868,Client 868,2024-06-11,1351.21,Software upgrade
869,Client 869,2024-01-25,130.33,Project management
870,Client 870,2024-04-03,1521.05,Infrastructure setup
871,Client 871,2024-06-02,1899.44,SEO optimization
872,Client 872,2024-04-10,1184.12,Software licensing
873,Client 873,2024-06-20,1267.5,User onboarding
874,Client 874,2024-07-15,4096.2,Security audit
875,Client 875,2024-05-26,2416.2,Hardware procurement
876,Client 876,2024-05-29,3338.97,IT support
877,Client 877,2024-03-01,4485.53,Data analysis
878,Client 878,2024-02-19,3894.75,Infrastructure setup
879,Client 879,2024-05-06,4645.55,Consulting fee
880,Client 880,2024-06-29,1055.98,Subscription fee
881,Client 881,2024-05-06,683.18,UX/UI design
882,Client 882,2024-05-26,4082.93,Hardware procurement
883,Client 883,2024-06-02,4737.14,IT support
884,Client 884,2024-05-01,2507.66,E-commerce setup
885,Client 885,2024-05-10,1549.97,Technical documentation
886,Client 886,2024-03-17,2269.4,Training session
887,Client 887,2024-08-03,4877.63,UX/UI design
888,Client 888,2024-05-09,1231.92,Subscription fee
889,Client 889,2024-02-09,3866.86,Database maintenance
890,Client 890,2024-03-08,3584.43,Mobile app design
891,Client 891,2024-06-19,3607.67,Technical documentation
892,Client 892,2024-04-17,3935.52,App development
893,Client 893,2024-03-20,630.63,Website design
894,Client 894,2024-02-26,4587.35,Digital marketing
895,Client 895,2024-06-24,2407.8,Digital marketing
896,Client 896,2024-05-12,2109.08,Customer support
897,Client 897,2024-01-11,2212.01,Hardware procurement
898,Client 898,2024-01-09,2602.04,API integration
899,Client 899,2024-05-15,623.19,Digital marketing
900,Client 900,2024-07-16,2529.78,Project management
901,Client 901,2024-05-23,1282.18,Digital marketing
902,Client 902,2024-02-01,2816.09,System integration
903,Client 903,2024-04-16,2957.09,Technical documentation
904,Client 904,2024-01-25,4227.19,Database maintenance
905,Client 905,2024-01-17,2576.47,IT support
906,Client 906,2024-06-30,2348.22,Data analysis
907,Client 907,2024-05-18,3886.5,Digital marketing
908,Client 908,2024-07-16,666.52,Product management
909,Client 909,2024-05-05,859.27,Digital marketing
910,Client 910,2024-05-23,4769.34,Product management
911,Client 911,2024-04-12,3147.0,IT support
912,Client 912,2024-05-11,278.14,Mobile app design
913,Client 913,2024-01-10,3844.94,Technical documentation
914,Client 914,2024-02-03,4872.89,Software licensing
915,Client 915,2024-02-26,3607.99,Software upgrade
916,Client 916,2024-03-23,4989.26,Technical documentation
917,Client 917,2024-04-05,3847.54,Database maintenance
918,Client 918,2024-07-22,2578.72,Data analysis
919,Client 919,2024-02-22,4217.59,Training session
920,Client 920,2024-08-13,1757.26,Data analysis
921,Client 921,2024-04-14,3329.35,Infrastructure setup
922,Client 922,2024-04-20,4060.5,UX/UI design
923,Client 923,2024-02-15,517.65,Infrastructure setup
924,Client 924,2024-07-22,4178.19,Technical training
925,Client 925,2024-03-04,2024.42,App development
926,Client 926,2024-07-21,4069.23,Subscription fee
927,Client 927,2024-04-20,4855.74,Security audit
928,Client 928,2024-08-04,1252.49,Digital marketing
929,Client 929,2024-05-31,4192.29,Technical training
930,Client 930,2024-04-16,1233.3,API integration
931,Client 931,2024-07-21,3688.99,Payment processing
932,Client 932,2024-05-24,4655.33,Subscription fee
933,Client 933,2024-03-05,2724.13,Customer support
934,Client 934,2024-04-15,1068.41,Website design
935,Client 935,2024-01-24,150.71,UX/UI design
936,Client 936,2024-01-27,4902.01,Subscription fee
937,Client 937,2024-06-29,4972.33,Business analysis
938,Client 938,2024-01-25,2580.71,App development
939,Client 939,2024-03-01,2743.04,API integration
940,Client 940,2024-07-16,1680.33,API integration
941,Client 941,2024-07-02,2300.44,Payment processing
942,Client 942,2024-02-12,1088.58,Data analysis
943,Client 943,2024-03-20,4092.42,Subscription fee
944,Client 944,2024-08-03,2444.12,Technical training
945,Client 945,2024-02-05,3291.33,System integration
946,Client 946,2024-08-12,2481.14,Training session
947,Client 947,2024-03-03,4763.3,Database maintenance
948,Client 948,2024-08-03,2005.36,Consulting fee
949,Client 949,2024-05-25,720.63,Customer support
950,Client 950,2024-06-16,2412.61,UX/UI design
951,Client 951,2024-04-01,809.52,Network setup
952,Client 952,2024-02-06,1048.53,System integration
953,Client 953,2024-01-29,2037.19,Security audit
954,Client 954,2024-03-30,906.77,Digital marketing
955,Client 955,2024-07-02,4354.05,Customer support
956,Client 956,2024-05-02,4841.53,Hardware procurement
957,Client 957,2024-07-08,1625.81,Website design
958,Client 958,2024-04-19,2001.49,Payment processing
959,Client 959,2024-03-19,2648.86,Product management
960,Client 960,2024-04-04,961.54,App development
961,Client 961,2024-02-22,1312.99,App development
962,Client 962,2024-01-13,136.89,UX/UI design
963,Client 963,2024-02-14,3671.71,Consulting fee
964,Client 964,2024-04-11,4656.38,UX/UI design
965,Client 965,2024-07-19,2241.14,Project management
966,Client 966,2024-02-19,258.16,Mobile app design
967,Client 967,2024-02-26,992.21,Software licensing
968,Client 968,2024-07-08,4317.1,Training session
969,Client 969,2024-07-07,412.37,Payment processing
970,Client 970,2024-02-25,1919.13,Cloud services
971,Client 971,2024-04-12,2650.61,Website design
972,Client 972,2024-03-12,2100.11,Payment processing
973,Client 973,2024-02-26,3299.36,Hardware procurement
974,Client 974,2024-05-08,322.5,Payment processing
975,Client 975,2024-04-25,707.47,Technical training
976,Client 976,2024-03-31,1751.35,Subscription fee
977,Client 977,2024-03-07,3014.12,Training session
978,Client 978,2024-03-08,3035.31,Business analysis
979,Client 979,2024-02-07,1022.13,API integration
980,Client 980,2024-01-13,4563.77,Digital marketing
981,Client 981,2024-06-17,3400.71,Hardware procurement
982,Client 982,2024-08-21,2392.38,System integration
983,Client 983,2024-05-05,2861.31,UX/UI design
984,Client 984,2024-02-23,155.96,Software upgrade
985,Client 985,2024-02-12,2698.56,Customer support
986,Client 986,2024-08-20,2453.44,Data analysis
987,Client 987,2024-07-30,4488.4,Website design
988,Client 988,2024-01-26,1388.0,API integration
989,Client 989,2024-03-30,4122.05,Customer support
990,Client 990,2024-02-06,2073.84,Hardware procurement
991,Client 991,2024-06-26,1429.96,Customer support
992,Client 992,2024-02-29,3860.4,Consulting fee
993,Client 993,2024-01-29,4876.8,Customer support
994,Client 994,2024-06-27,1547.48,Project management
995,Client 995,2024-08-22,1999.57,Payment processing
996,Client 996,2024-05-16,3839.92,Database maintenance
997,Client 997,2024-03-27,4555.96,Consulting fee
998,Client 998,2024-07-12,467.25,User onboarding
999,Client 999,2024-04-10,4467.95,Technical documentation
1000,Client 1000,2024-06-25,4316.79,Customer support
